ear_left,ear_right,ear_avg,mar,label
0.2362,0.2362,0.2362,0.0779,0
0.2518,0.2357,0.2438,0.0246,0
0.2675,0.2357,0.2516,0.0,0
0.2508,0.2357,0.2432,0.0,0
0.2245,0.2357,0.2301,0.0,0
0.2395,0.1886,0.214,0.0241,0
0.2565,0.2807,0.2686,0.024,0
0.2727,0.2497,0.2612,0.0236,0
0.2524,0.2497,0.2511,0.0236,0
0.2154,0.2121,0.2138,0.0742,0
0.2421,0.2077,0.2249,0.0709,0
0.2657,0.2252,0.2455,0.1448,0
0.2167,0.238,0.2274,0.1231,0
0.2108,0.2357,0.2233,0.1401,0
0.2167,0.2037,0.2102,0.1174,0
0.2208,0.2037,0.2123,0.1434,0
0.255,0.2252,0.2401,0.1434,0
0.222,0.2252,0.2236,0.0972,0
0.2615,0.2252,0.2433,0.1202,0
0.2512,0.2252,0.2382,0.1409,0
0.2498,0.2477,0.2488,0.1434,0
0.2464,0.2252,0.2358,0.1396,0
0.2312,0.2477,0.2395,0.1396,0
0.2404,0.2588,0.2496,0.1396,0
0.2404,0.257,0.2487,0.171,0
0.2226,0.2466,0.2346,0.1226,0
0.1868,0.2277,0.2073,0.1174,0
0.2512,0.25,0.2506,0.1937,0
0.2599,0.237,0.2484,0.1937,0
0.2702,0.2884,0.2793,0.2116,0
0.2512,0.2651,0.2582,0.207,0
0.2694,0.2651,0.2673,0.2404,0
0.2615,0.2651,0.2633,0.2395,0
0.301,0.3059,0.3035,0.2703,0
0.2891,0.2942,0.2917,0.2479,0
0.2778,0.2855,0.2817,0.2817,0
0.2891,0.2353,0.2622,0.2706,0
0.2694,0.255,0.2622,0.3359,0
0.301,0.2447,0.2729,0.3323,0
0.2694,0.2855,0.2775,0.3241,0
0.2796,0.2855,0.2826,0.3311,0
0.2958,0.3044,0.3001,0.3722,0
0.3025,0.2945,0.2985,0.3737,0
0.3079,0.2651,0.2865,0.3993,0
0.301,0.2651,0.2831,0.3993,0
0.3008,0.2425,0.2717,0.485,0
0.3008,0.2528,0.2768,0.4663,0
0.3389,0.2659,0.3024,0.4227,0
0.3533,0.2642,0.3087,0.4227,0
0.2996,0.271,0.2853,0.4045,0
0.3073,0.2644,0.2859,0.391,0
0.2958,0.235,0.2654,0.4112,0
0.3025,0.2417,0.2721,0.4161,0
0.3038,0.2828,0.2933,0.4132,0
0.2942,0.3093,0.3018,0.379,0
0.2875,0.2901,0.2888,0.3117,0
0.2875,0.271,0.2793,0.3161,0
0.2992,0.306,0.3026,0.3314,0
0.313,0.3093,0.3112,0.3072,0
0.3061,0.2737,0.2899,0.2832,0
0.3038,0.3124,0.3081,0.3053,0
0.2972,0.3225,0.3098,0.2712,0
0.2775,0.2901,0.2838,0.2649,0
0.2775,0.3187,0.2981,0.2649,0
0.2775,0.3225,0.3,0.259,0
0.319,0.2828,0.3009,0.1811,0
0.319,0.2795,0.2993,0.2548,0
0.3079,0.3383,0.3231,0.2112,0
0.3211,0.32,0.3206,0.2548,0
0.2796,0.3187,0.2991,0.103,0
0.2599,0.3225,0.2912,0.1036,0
0.3061,0.2964,0.3012,0.1766,0
0.3061,0.3071,0.3066,0.1766,0
0.2875,0.3093,0.2984,0.0977,0
0.2678,0.3071,0.2875,0.1237,0
0.2791,0.3187,0.2989,0.1215,0
0.2678,0.3071,0.2875,0.1215,0
0.2791,0.2724,0.2757,0.0238,0
0.2791,0.2724,0.2757,0.0,0
0.3211,0.2724,0.2967,0.0337,0
0.3211,0.2915,0.3063,0.0337,0
0.2599,0.3187,0.2893,0.0767,0
0.2599,0.3187,0.2893,0.0767,0
0.319,0.3105,0.3148,0.0238,0
0.319,0.3107,0.3148,0.0244,0
0.301,0.3027,0.3018,0.0238,0
0.301,0.2901,0.2955,0.0476,0
0.3211,0.3579,0.3395,0.0533,0
0.3211,0.3071,0.3141,0.0533,0
0.3164,0.3187,0.3176,0.0,0
0.319,0.3187,0.3189,0.0,0
0.319,0.3187,0.3189,0.0718,0
0.3015,0.2883,0.2949,0.0757,0
0.2812,0.3071,0.2942,0.0936,0
0.2709,0.3187,0.2948,0.1416,0
0.2678,0.2696,0.2687,0.0987,0
0.2992,0.2814,0.2903,0.0757,0
0.3512,0.3105,0.3309,0.0943,0
0.3512,0.268,0.3096,0.1166,0
0.3191,0.3093,0.3142,0.2207,0
0.313,0.3212,0.3171,0.1974,0
0.3139,0.3,0.3069,0.1456,0
0.2992,0.3,0.2996,0.1423,0
0.3283,0.3285,0.3284,0.1921,0
0.3283,0.3286,0.3285,0.1646,0
0.313,0.275,0.294,0.1877,0
0.3236,0.271,0.2973,0.1843,0
0.3038,0.271,0.2874,0.1685,0
0.3227,0.2724,0.2976,0.1638,0
0.319,0.2781,0.2986,0.1835,0
0.366,0.2991,0.3325,0.1835,0
0.3485,0.3071,0.3278,0.1964,0
0.3296,0.2991,0.3143,0.1734,0
0.3433,0.3175,0.3304,0.231,0
0.3433,0.3175,0.3304,0.1868,0
0.3679,0.2795,0.3237,0.2172,0
0.363,0.2952,0.3291,0.1943,0
0.3046,0.2759,0.2902,0.1667,0
0.3232,0.272,0.2976,0.1631,0
0.3168,0.3302,0.3235,0.2016,0
0.2979,0.291,0.2945,0.1718,0
0.2818,0.3095,0.2957,0.1957,0
0.3352,0.3123,0.3238,0.2173,0
0.3444,0.2903,0.3173,0.1966,0
0.2928,0.2855,0.2892,0.2183,0
0.2945,0.3103,0.3024,0.1948,0
0.2945,0.2855,0.29,0.2163,0
0.3034,0.2668,0.2851,0.2315,0
0.3034,0.2668,0.2851,0.2315,0
0.3264,0.2766,0.3015,0.1948,0
0.3264,0.2844,0.3054,0.2163,0
0.3501,0.3114,0.3307,0.1239,0
0.3002,0.2855,0.2929,0.1591,0
0.2941,0.2855,0.2898,0.0514,0
0.2941,0.2668,0.2805,0.0514,0
0.3683,0.3013,0.3348,0.0343,0
0.3311,0.2903,0.3107,0.0,0
0.3349,0.2862,0.3105,0.0354,0
0.3155,0.2789,0.2972,0.0245,0
0.2944,0.2947,0.2945,0.1271,0
0.3127,0.2947,0.3037,0.0995,0
0.3198,0.25,0.2849,0.146,0
0.3168,0.2836,0.3002,0.1757,0
0.2829,0.2016,0.2422,0.0329,0
0.271,0.2236,0.2473,0.0232,0
0.2185,0.1861,0.2023,0.0904,0
0.226,0.1839,0.205,0.0944,0
0.2568,0.1914,0.2241,0.1943,0
0.2568,0.206,0.2314,0.2362,0
0.2119,0.2041,0.208,0.25,0
0.2266,0.2061,0.2163,0.2514,0
0.2367,0.246,0.2413,0.2787,0
0.2294,0.2459,0.2376,0.2741,0
0.275,0.2574,0.2662,0.3047,0
0.275,0.2764,0.2757,0.2832,0
0.2661,0.2481,0.2571,0.3053,0
0.2741,0.2481,0.2611,0.2814,0
0.2741,0.253,0.2636,0.0,0
0.2741,0.253,0.2636,0.0234,0
0.2266,0.2236,0.2251,0.0339,0
0.2266,0.2294,0.228,0.0,0
0.2487,0.2404,0.2446,0.1393,0
0.2487,0.2433,0.246,0.1457,0
0.2661,0.2236,0.2449,0.1943,0
0.2661,0.2236,0.2449,0.2402,0
0.2463,0.253,0.2497,0.2065,0
0.2463,0.253,0.2497,0.1847,0
0.2942,0.21,0.2521,0.2517,0
0.3301,0.2217,0.2759,0.2287,0
0.2914,0.2828,0.2871,0.1704,0
0.2914,0.26,0.2757,0.1715,0
0.2709,0.2498,0.2604,0.1078,0
0.2599,0.2498,0.2549,0.1269,0
0.3118,0.2236,0.2677,0.1433,0
0.3256,0.253,0.2893,0.149,0
0.319,0.202,0.2605,0.1525,0
0.3164,0.2236,0.27,0.149,0
0.3093,0.2433,0.2763,0.1433,0
0.3164,0.2417,0.279,0.1433,0
0.2709,0.24,0.2555,0.1655,0
0.2709,0.2433,0.2571,0.149,0
0.2709,0.2414,0.2562,0.1401,0
0.2709,0.2614,0.2662,0.1629,0
0.3117,0.2,0.2559,0.1725,0
0.3118,0.24,0.2759,0.1725,0
0.2828,0.2343,0.2586,0.1638,0
0.3256,0.1964,0.261,0.1686,0
0.2709,0.2343,0.2526,0.0955,0
0.2709,0.2327,0.2518,0.0955,0
0.2869,0.2343,0.2606,0.0232,0
0.2709,0.235,0.2529,0.032,0
0.2933,0.2334,0.2633,0.0736,0
0.2709,0.2459,0.2584,0.0521,0
0.2791,0.2858,0.2825,0.0,0
0.2709,0.2659,0.2684,0.0233,0
0.3389,0.2651,0.302,0.0,0
0.3389,0.2542,0.2965,0.0,0
0.301,0.3032,0.3021,0.05,0
0.3079,0.3072,0.3076,0.0322,0
0.2891,0.2802,0.2847,0.05,0
0.2702,0.2894,0.2798,0.05,0
0.2712,0.2393,0.2552,0.0459,0
0.2512,0.2477,0.2494,0.0449,0
0.2559,0.2371,0.2465,0.0461,0
0.2459,0.2393,0.2426,0.023,0
0.2766,0.2784,0.2775,0.1101,0
0.2867,0.2702,0.2785,0.1152,0
0.3226,0.2587,0.2906,0.1152,0
0.3046,0.2587,0.2816,0.1148,0
0.2728,0.2927,0.2828,0.1434,0
0.2757,0.2605,0.2681,0.1401,0
0.2977,0.2389,0.2683,0.1629,0
0.3023,0.2371,0.2697,0.1612,0
0.268,0.2496,0.2588,0.1405,0
0.2858,0.2702,0.278,0.1617,0
0.3035,0.2587,0.2811,0.1629,0
0.3035,0.2371,0.2703,0.1401,0
0.2867,0.2927,0.2897,0.2141,0
0.2867,0.2927,0.2897,0.2141,0
0.2912,0.2802,0.2857,0.1202,0
0.2846,0.2702,0.2774,0.1202,0
0.3041,0.2587,0.2814,0.1542,0
0.2929,0.2587,0.2758,0.1592,0
0.2867,0.2587,0.2727,0.1807,0
0.2867,0.2802,0.2835,0.1597,0
0.2919,0.2683,0.2801,0.1995,0
0.2858,0.2587,0.2722,0.2039,0
0.2858,0.2946,0.2902,0.1988,0
0.2645,0.3169,0.2907,0.2315,0
0.268,0.2927,0.2804,0.2269,0
0.268,0.2927,0.2804,0.2263,0
0.281,0.2927,0.2869,0.2544,0
0.281,0.2683,0.2746,0.2544,0
0.2899,0.2867,0.2883,0.2487,0
0.2974,0.2845,0.291,0.2712,0
0.309,0.2828,0.2959,0.2487,0
0.309,0.2828,0.2959,0.274,0
0.2742,0.2807,0.2774,0.2487,0
0.268,0.2807,0.2743,0.2487,0
0.2689,0.3333,0.3011,0.2712,0
0.2593,0.272,0.2657,0.2644,0
0.2752,0.3971,0.3361,0.2207,0
0.2829,0.2962,0.2895,0.2381,0
0.2593,0.3461,0.3027,0.2588,0
0.2593,0.3786,0.319,0.2425,0
0.1867,0.4449,0.3158,0.2872,0
0.2468,0.4452,0.346,0.2872,0
0.211,0.4671,0.339,0.2534,0
0.1936,0.4698,0.3317,0.2534,0
0.2712,0.5328,0.402,0.2551,0
0.2333,0.4984,0.3658,0.2541,0
0.2758,0.5617,0.4187,0.3083,0
0.2425,0.5013,0.3719,0.2601,0
0.2336,0.527,0.3803,0.2967,0
0.2291,0.5,0.3646,0.3041,0
0.2015,0.5307,0.3661,0.2676,0
0.2341,0.4626,0.3483,0.267,0
0.2149,0.4243,0.3196,0.2992,0
0.2389,0.4656,0.3523,0.3073,0
0.2294,0.3206,0.275,0.2754,0
0.2235,0.3929,0.3082,0.3007,0
0.2798,0.3333,0.3066,0.325,0
0.2474,0.3846,0.316,0.3168,0
0.2583,0.3385,0.2984,0.3068,0
0.2747,0.3677,0.3212,0.3021,0
0.2372,0.4074,0.3223,0.2792,0
0.2526,0.3788,0.3157,0.3068,0
0.2769,0.4527,0.3648,0.3193,0
0.2894,0.3737,0.3316,0.3474,0
0.2622,0.3677,0.315,0.3193,0
0.2565,0.3625,0.3095,0.3287,0
0.2705,0.4485,0.3595,0.2367,0
0.2635,0.313,0.2883,0.2733,0
0.2849,0.2877,0.2863,0.2142,0
0.241,0.4069,0.324,0.1897,0
0.2635,0.3829,0.3232,0.1764,0
0.2526,0.3424,0.2975,0.1764,0
0.0894,0.2076,0.1485,0.0416,0
0.1124,0.25,0.1812,0.0958,0
0.1961,0.2894,0.2427,0.0811,0
0.187,0.3206,0.2538,0.054,0
0.2172,0.3264,0.2718,0.0,0
0.2259,0.4139,0.3199,0.0499,0
0.2524,0.3267,0.2895,0.0237,0
0.2138,0.3158,0.2648,0.0328,0
0.2617,0.3018,0.2818,0.075,0
0.2386,0.3047,0.2717,0.0716,0
0.2984,0.3114,0.3049,0.0473,0
0.2937,0.3101,0.3019,0.0452,0
0.2522,0.3114,0.2818,0.0527,0
0.2425,0.2975,0.27,0.0712,0
0.2861,0.3226,0.3044,0.0319,0
0.3095,0.311,0.3103,0.045,0
0.2395,0.2481,0.2438,0.0493,0
0.2512,0.2291,0.2401,0.0911,0
0.274,0.191,0.2325,0.0,0
0.3133,0.1558,0.2345,0.022,0
0.3184,0.2043,0.2613,0.0241,0
0.3086,0.2043,0.2565,0.0,0
0.4192,0.2125,0.3159,0.0,0
0.3842,0.2282,0.3062,0.0,0
0.4219,0.2666,0.3442,0.0,0
0.3772,0.2644,0.3208,0.0,0
0.402,0.2974,0.3497,0.0,0
0.3434,0.285,0.3142,0.0593,0
0.3953,0.2668,0.3311,0.0295,0
0.4099,0.3044,0.3572,0.0295,0
0.4333,0.3074,0.3703,0.0,0
0.4248,0.3004,0.3626,0.0296,0
0.4301,0.2974,0.3638,0.0416,0
0.4301,0.3059,0.368,0.0419,0
0.4301,0.3183,0.3742,0.0859,0
0.4378,0.3277,0.3828,0.1148,0
0.4301,0.2945,0.3623,0.2568,0
0.4717,0.3202,0.3959,0.2282,0
0.4333,0.3147,0.374,0.3032,0
0.4387,0.3522,0.3954,0.3092,0
0.4388,0.3155,0.3772,0.3132,0
0.4451,0.3379,0.3915,0.2872,0
0.4601,0.3168,0.3885,0.304,0
0.465,0.2844,0.3747,0.3333,0
0.5029,0.2866,0.3948,0.3627,0
0.4598,0.2762,0.368,0.3688,0
0.417,0.2858,0.3514,0.3132,0
0.4417,0.2794,0.3605,0.3688,0
0.4734,0.2897,0.3816,0.335,0
0.3939,0.303,0.3485,0.3706,0
0.3828,0.2644,0.3236,0.3611,0
0.3382,0.2844,0.3113,0.3853,0
0.4472,0.296,0.3716,0.3976,0
0.4884,0.3238,0.4061,0.3828,0
0.399,0.275,0.337,0.3333,0
0.4152,0.2524,0.3338,0.3095,0
0.501,0.3155,0.4082,0.3314,0
0.4899,0.3014,0.3957,0.3502,0
0.4733,0.3338,0.4036,0.3588,0
0.5113,0.2945,0.4029,0.3413,0
0.4333,0.2844,0.3588,0.3176,0
0.465,0.3601,0.4125,0.3032,0
0.4447,0.2777,0.3612,0.2626,0
0.3918,0.2549,0.3234,0.25,0
0.3737,0.2366,0.3051,0.2548,0
0.3594,0.235,0.2972,0.2076,0
0.3032,0.2442,0.2737,0.1966,0
0.3032,0.2459,0.2745,0.2196,0
0.3474,0.2528,0.3001,0.1646,0
0.3474,0.2642,0.3058,0.1449,0
0.3101,0.3044,0.3073,0.1391,0
0.2902,0.2762,0.2832,0.1423,0
0.2941,0.2567,0.2754,0.1193,0
0.3182,0.2737,0.2959,0.125,0
0.2794,0.2942,0.2868,0.074,0
0.3182,0.276,0.2971,0.0535,0
0.2888,0.3059,0.2973,0.0743,0
0.3017,0.3004,0.301,0.0968,0
0.3049,0.2765,0.2907,0.0236,0
0.2719,0.2765,0.2742,0.0,0
0.2719,0.2877,0.2798,0.0,0
0.2881,0.3014,0.2947,0.0,0
0.2812,0.2605,0.2709,0.0,0
0.2812,0.2605,0.2709,0.0,0
0.298,0.3072,0.3026,0.0235,0
0.2891,0.3479,0.3185,0.0,0
0.2626,0.2818,0.2722,0.0,0
0.2861,0.2605,0.2733,0.0,0
0.2774,0.2802,0.2788,0.0,0
0.2903,0.2802,0.2853,0.0242,0
0.3095,0.2909,0.3002,0.0928,0
0.3095,0.2909,0.3002,0.095,0
0.3095,0.2802,0.2949,0.1906,0
0.3023,0.2802,0.2912,0.1862,0
0.2861,0.2802,0.2832,0.2141,0
0.3095,0.282,0.2958,0.2141,0
0.2774,0.3018,0.2896,0.1672,0
0.2739,0.2909,0.2824,0.1906,0
0.2868,0.2833,0.2851,0.1547,0
0.2819,0.2961,0.289,0.1547,0
0.2868,0.2735,0.2801,0.1786,0
0.3095,0.2833,0.2964,0.1513,0
0.2943,0.2371,0.2657,0.1952,0
0.2948,0.2371,0.266,0.1754,0
0.2903,0.3033,0.2968,0.2618,0
0.291,0.3018,0.2964,0.2376,0
0.2826,0.3247,0.3037,0.1911,0
0.2664,0.3032,0.2848,0.1911,0
0.2891,0.3603,0.3247,0.2601,0
0.2526,0.3249,0.2887,0.2583,0
0.2894,0.3018,0.2956,0.1931,0
0.2781,0.3047,0.2914,0.1857,0
0.2812,0.3392,0.3102,0.1816,0
0.2576,0.3247,0.2911,0.1857,0
0.2739,0.3018,0.2879,0.1857,0
0.2727,0.2802,0.2765,0.2079,0
0.2731,0.2818,0.2774,0.1419,0
0.2565,0.2802,0.2684,0.1419,0
0.2762,0.3233,0.2998,0.1542,0
0.2687,0.3018,0.2853,0.1762,0
0.2769,0.3024,0.2897,0.1762,0
0.2622,0.2907,0.2765,0.1857,0
0.2712,0.2818,0.2765,0.2045,0
0.2774,0.3127,0.2951,0.2045,0
0.2819,0.3047,0.2933,0.2327,0
0.2819,0.3828,0.3324,0.2097,0
0.2526,0.2491,0.2509,0.2128,0
0.2422,0.2815,0.2619,0.1911,0
0.2774,0.2705,0.2739,0.1676,0
0.2576,0.2699,0.2637,0.1422,0
0.2576,0.2699,0.2637,0.1389,0
0.2583,0.2831,0.2707,0.1867,0
0.2635,0.2942,0.2789,0.1676,0
0.2117,0.2831,0.2474,0.1386,0
0.1299,0.1304,0.1302,0.1662,0
0.1299,0.1364,0.1332,0.1425,0
0.1759,0.1844,0.1802,0.1392,0
0.1733,0.1737,0.1735,0.1411,0
0.229,0.2497,0.2394,0.1589,0
0.2193,0.2217,0.2205,0.1589,0
0.2083,0.2738,0.2411,0.1394,0
0.2215,0.2328,0.2271,0.1394,0
0.2195,0.2762,0.2479,0.1135,0
0.2217,0.2645,0.2431,0.1362,0
0.2104,0.2627,0.2365,0.186,0
0.2102,0.2407,0.2255,0.1627,0
0.1582,0.1086,0.1334,0.1626,0
0.1978,0.1121,0.155,0.1626,0
0.1274,0.1522,0.1398,0.1946,0
0.1067,0.1284,0.1175,0.1662,0
0.2308,0.2043,0.2176,0.1741,0
0.2315,0.2043,0.2179,0.1741,0
0.2512,0.2301,0.2407,0.051,0
0.2642,0.2187,0.2415,0.0498,0
0.2876,0.2721,0.2798,0.0248,0
0.2659,0.2605,0.2632,0.0248,0
0.3167,0.3146,0.3157,0.0,0
0.3352,0.2802,0.3077,0.0,0
0.2422,0.3185,0.2803,0.0,0
0.2271,0.3098,0.2684,0.0248,0
0.2177,0.3084,0.263,0.0269,0
0.2198,0.3153,0.2675,0.0268,0
0.2848,0.3308,0.3078,0.0245,0
0.265,0.3291,0.2971,0.0239,0
0.2635,0.2848,0.2741,0.0,0
0.2946,0.2962,0.2954,0.0,0
0.3165,0.3348,0.3256,0.0726,0
0.3309,0.3326,0.3318,0.1365,0
0.312,0.3254,0.3187,0.0,0
0.2583,0.4076,0.3329,0.0,0
0.2832,0.4076,0.3454,0.0,0
0.2912,0.3434,0.3173,0.0,0
0.2677,0.3548,0.3112,0.0369,0
0.2719,0.3436,0.3077,0.0507,0
0.2635,0.3141,0.2888,0.0243,0
0.2912,0.3421,0.3166,0.0587,0
0.2758,0.3119,0.2939,0.0,0
0.2873,0.2859,0.2866,0.0368,0
0.2801,0.2921,0.2861,0.0,0
0.2694,0.3288,0.2991,0.0,0
0.2689,0.3333,0.3011,0.0,0
0.2694,0.3111,0.2903,0.0279,0
0.2873,0.3119,0.2996,0.0295,0
0.2696,0.3379,0.3038,0.0295,0
0.2943,0.3162,0.3053,0.0997,0
0.291,0.3232,0.3071,0.091,0
0.2943,0.3449,0.3196,0.0659,0
0.2943,0.3479,0.3211,0.1076,0
0.3018,0.3449,0.3234,0.0693,0
0.291,0.3432,0.3171,0.0625,0
0.3291,0.3291,0.3291,0.0405,0
0.3088,0.3432,0.326,0.0381,0
0.2766,0.3757,0.3261,0.0263,0
0.3291,0.3603,0.3447,0.0263,0
0.301,0.3987,0.3498,0.0286,0
0.3071,0.3938,0.3505,0.0,0
0.2909,0.4088,0.3499,0.0405,0
0.3399,0.4136,0.3768,0.0,0
0.3066,0.3953,0.351,0.0623,0
0.2973,0.3922,0.3447,0.0381,0
0.3004,0.3771,0.3388,0.0859,0
0.301,0.3971,0.349,0.113,0
0.3234,0.4152,0.3693,0.0845,0
0.2743,0.3956,0.3349,0.0862,0
0.2954,0.4218,0.3586,0.2404,0
0.2659,0.371,0.3184,0.0878,0
0.2811,0.3536,0.3173,0.1036,0
0.2747,0.3956,0.3351,0.1179,0
0.329,0.428,0.3785,0.0875,0
0.3071,0.4243,0.3657,0.0438,0
0.2816,0.445,0.3633,0.0428,0
0.2659,0.4007,0.3333,0.0447,0
0.2582,0.3771,0.3177,0.0489,0
0.2638,0.3956,0.3297,0.0419,0
0.2421,0.3971,0.3196,0.1075,0
0.2717,0.3956,0.3336,0.1118,0
0.2786,0.3709,0.3247,0.0958,0
0.2547,0.4167,0.3357,0.1372,0
0.2842,0.4167,0.3505,0.0627,0
0.251,0.4203,0.3357,0.1499,0
0.1127,0.1498,0.1312,0.0581,0
0.1208,0.1314,0.1261,0.0985,0
0.1374,0.1688,0.1531,0.0798,0
0.14,0.1654,0.1527,0.0468,0
0.2561,0.2088,0.2324,0.023,0
0.2349,0.2067,0.2208,0.0254,0
0.2434,0.1967,0.22,0.0326,0
0.2658,0.2377,0.2517,0.0332,0
0.253,0.2907,0.2718,0.0748,0
0.2339,0.2718,0.2528,0.0744,0
0.2182,0.2587,0.2385,0.0241,0
0.2013,0.2371,0.2192,0.0537,0
0.2479,0.2719,0.2599,0.0,0
0.2629,0.2389,0.2509,0.0237,0
0.2826,0.2721,0.2774,0.0237,0
0.2826,0.2496,0.2661,0.0,0
0.267,0.2721,0.2696,0.0,0
0.2576,0.2605,0.259,0.0,0
0.2788,0.2721,0.2755,0.0,0
0.2321,0.2927,0.2624,0.0,0
0.2117,0.2844,0.2481,0.0,0
0.2097,0.2967,0.2532,0.0,0
0.1906,0.1498,0.1702,0.0239,0
0.2108,0.1498,0.1803,0.0234,0
0.2719,0.237,0.2545,0.0,0
0.2719,0.274,0.273,0.0,0
0.291,0.3041,0.2975,0.0,0
0.2987,0.2828,0.2908,0.0,0
0.2944,0.2828,0.2886,0.023,0
0.315,0.2828,0.2989,0.023,0
0.315,0.2848,0.2999,0.023,0
0.2944,0.2848,0.2896,0.0,0
0.3359,0.3479,0.3419,0.0,0
0.3359,0.3956,0.3658,0.0,0
0.3194,0.3274,0.3234,0.0,0
0.3194,0.3274,0.3234,0.0,0
0.2987,0.3724,0.3356,0.0,0
0.2944,0.3724,0.3334,0.0,0
0.2912,0.3855,0.3384,0.0,0
0.2912,0.3461,0.3187,0.0,0
0.2868,0.3081,0.2975,0.0,0
0.291,0.3401,0.3155,0.0,0
0.291,0.3658,0.3284,0.0,0
0.3169,0.3679,0.3424,0.0,0
0.3225,0.3328,0.3277,0.0,0
0.3136,0.3141,0.3138,0.0,0
0.287,0.3037,0.2954,0.0,0
0.3027,0.3051,0.3039,0.0,0
0.276,0.3333,0.3047,0.0241,0
0.2802,0.3154,0.2978,0.0,0
0.2801,0.3154,0.2977,0.0,0
0.2789,0.3154,0.2971,0.0,0
0.2908,0.3056,0.2982,0.0,0
0.3099,0.2891,0.2995,0.0,0
0.3024,0.3154,0.3089,0.0,0
0.2658,0.3197,0.2927,0.0249,0
0.2908,0.3416,0.3162,0.0,0
0.2908,0.3416,0.3162,0.0,0
0.2986,0.3154,0.307,0.0243,0
0.2789,0.3154,0.2971,0.0,0
0.2801,0.3154,0.2977,0.0243,0
0.2896,0.3328,0.3112,0.0,0
0.2801,0.3421,0.3111,0.0,0
0.2826,0.318,0.3003,0.0,0
0.2718,0.3703,0.321,0.0,0
0.2718,0.3679,0.3198,0.0,0
0.2718,0.3698,0.3208,0.0,0
0.2908,0.3443,0.3175,0.0,0
0.3136,0.3683,0.3409,0.0,0
0.291,0.3612,0.3261,0.0,0
0.3134,0.4141,0.3638,0.0,0
0.2984,0.3664,0.3324,0.0,0
0.291,0.3664,0.3287,0.051,0
0.2841,0.3664,0.3253,0.057,0
0.2801,0.3679,0.324,0.0,0
0.2801,0.3683,0.3242,0.0269,0
0.2984,0.3154,0.3069,0.1565,0
0.302,0.3416,0.3218,0.1552,0
0.302,0.3416,0.3218,0.1493,0
0.2839,0.3483,0.3161,0.0536,0
0.3198,0.35,0.3349,0.0254,0
0.2561,0.3664,0.3113,0.0,0
0.2879,0.3731,0.3305,0.0992,0
0.2986,0.3731,0.3359,0.0744,0
0.2986,0.3017,0.3001,0.1206,0
0.26,0.3252,0.2926,0.1629,0
0.3119,0.3169,0.3144,0.0461,0
0.2879,0.333,0.3104,0.0461,0
0.2912,0.333,0.3121,0.1438,0
0.2945,0.333,0.3137,0.1386,0
0.2945,0.333,0.3137,0.1617,0
0.2598,0.35,0.3049,0.0726,0
0.2561,0.333,0.2945,0.0943,0
0.2561,0.3567,0.3064,0.0918,0
0.2943,0.3335,0.3139,0.1164,0
0.2945,0.3081,0.3013,0.096,0
0.3052,0.3081,0.3067,0.096,0
0.2824,0.3479,0.3151,0.0931,0
0.3162,0.3518,0.334,0.0476,0
0.2771,0.35,0.3136,0.0479,0
0.2468,0.2133,0.2301,0.0702,0
0.2425,0.2864,0.2645,0.1164,0
0.2291,0.2607,0.2449,0.096,0
0.1742,0.1189,0.1465,0.0929,0
0.2358,0.1886,0.2122,0.0227,0
0.249,0.1584,0.2037,0.0233,0
0.2768,0.1949,0.2359,0.0,0
0.2512,0.2035,0.2273,0.0238,0
0.2599,0.2794,0.2697,0.0225,0
0.2565,0.2897,0.2731,0.0504,0
0.2071,0.2588,0.2329,0.0236,0
0.2127,0.2826,0.2477,0.0236,0
0.2139,0.2258,0.2198,0.0745,0
0.2599,0.25,0.255,0.0241,0
0.245,0.246,0.2455,0.0241,0
0.2531,0.2451,0.2491,0.023,0
0.2788,0.3301,0.3045,0.0245,0
0.2729,0.3549,0.3139,0.0,0
0.3297,0.4169,0.3733,0.0483,0
0.3063,0.426,0.3662,0.0,0
0.2986,0.426,0.3623,0.0366,0
0.3154,0.4138,0.3646,0.0256,0
0.2901,0.4398,0.365,0.0,0
0.2986,0.4543,0.3765,0.0263,0
0.3331,0.4506,0.3919,0.0,0
0.3331,0.4982,0.4156,0.0,0
0.3154,0.4506,0.383,0.0,0
0.3458,0.5104,0.4281,0.1094,0
0.334,0.4,0.367,0.1083,0
0.3407,0.4442,0.3925,0.1174,0
0.3374,0.4711,0.4043,0.0,0
0.3126,0.4071,0.3598,0.0,0
0.3429,0.4442,0.3935,0.2267,0
